Voltage_led (volt),Current_led (ampere),Error_voltage (volt),Error_current (ampere)
3.7016129032258065,0.0018531228551818806,0.0007994237112631503,0.0059916695551634645
3.7170967741935486,0.0009608785175017159,0.0005983389078298798,0.00939922728021511
3.7151612903225804,0.0006177076183939602,0.0002158311858168978,0.015963668427946612
3.6958064516129037,0.0018531228551818806,0.0009816260788343598,0.006985938008937972
3.6938709677419355,0.002196293754289636,0.00114298750828614,0.01163528309475576
3.69,0.0009608785175017158,0.00048207063614059655,0.014429851126674232
3.735483870967742,0.0006863417982155113,0.00025061659002752966,0.026364924828003306
3.704516129032258,0.0004118050789293068,0.00020968088286231248,0.015185293285083664
3.6880645161290326,0.002196293754289636,0.0014425882196691326,0.00713333689919228
3.712258064516129,0.002059025394646534,0.0017602730781671328,0.009371509062150936
3.7083870967741936,0.0013726835964310226,0.0007791986440597758,0.0073276236720003435
3.712258064516129,0.0028140013726835962,0.0025872445881909073,0.011285713344861895
3.6996774193548387,0.0030885380919698007,0.001746092143957189,0.01190055919077208
3.710322580645161,0.0016472203157172273,0.0012114575424272457,0.00724191752278829
3.742258064516129,0.0004804392587508579,0.0001464910601105662,0.02771378917257201
3.710322580645161,0.0002745367192862045,0.0001517558815079112,0.008058061933417291
3.689032258064516,0.0007549759780370624,0.0003752280820603231,0.011432287191399626
3.709354838709677,0.002059025394646534,0.0014613332805006919,0.009789671551931304
3.6841935483870967,0.0013040494166094716,0.0008020383501696685,0.015674233049363034
3.722903225806452,0.0009608785175017159,0.0005983389078298798,0.026445711379431695
3.7238709677419353,0.0013726835964310226,0.00040925517776248726,0.0207457228268562
3.7074193548387098,0.004598490048043926,0.002993530980921328,0.010742468261514026
3.7016129032258065,0.000549073438572409,0.0003035117630158224,0.0048387096774193845
3.705483870967742,0.0008922443376801647,0.00030779281736613385,0.011847979143359309
3.697741935483871,0.002059025394646534,0.0014755905281717775,0.012279268587531778
3.714193548387097,0.0004804392587508579,0.0002299216568547447,0.02298259758781532
3.7161290322580647,0.001098146877144818,0.0004928084929887443,0.023081992025804257
3.698709677419355,0.0017844886753603292,0.0009443956733264831,0.006255070783763001
3.7083870967741936,0.001029512697323267,0.00031117525757802435,0.014193548387096775
3.704516129032258,0.001166781056966369,0.0009490948758952887,0.015657627225176243
3.6948387096774193,0.0004804392587508579,0.0002059025394646534,0.015524141181310897
3.717096774193548,0.0012354152367879203,0.0008789463606633973,0.027915809208154754
3.714193548387097,0.0032944406314344542,0.002098804839383155,0.019451372169911434
3.695806451612903,0.0018531228551818806,0.0014141898385289949,0.01293946523879456
3.6812903225806455,0.004461221688400823,0.002049470700888688,0.01548387096774191
3.733548387096774,0.001098146877144818,0.0007670123365014966,0.02261748147478463
3.7161290322580647,0.001098146877144818,0.000471088086981789,0.01967477507351862
3.7025806451612904,0.0013726835964310226,0.0006223505151560485,0.010814873944671129
3.698709677419355,0.0004804392587508579,0.00017868336023579625,0.006735681618651978
3.7035483870967743,0.0018531228551818806,0.0014141898385289949,0.011635283094755736
3.696774193548387,0.000549073438572409,0.000419361765724625,0.009569288370446035
3.704516129032258,0.0016472203157172271,0.000787218052348902,0.007037878783635923
3.7180645161290324,0.0036376115305422102,0.00356200446313955,0.020995019477771586
3.7093548387096775,0.0013040494166094714,0.0005552350079849734,0.00764046405311417
3.704516129032258,0.001029512697323267,0.0003431708991077556,0.02069550313851022
3.701612903225807,0.0019217570350034316,0.001398371703494498,0.008442743437614454
3.7025806451612904,0.0004804392587508579,0.0002299216568547447,0.009911155803701402
3.678387096774194,0.0013040494166094716,0.0008708701125909073,0.016222310917006662
3.7112903225806453,0.0030885380919698007,0.002134536478938146,0.009810907306932593
3.6938709677419355,0.002333562113932738,0.0015043955362867621,0.0064596723853228176
3.7093548387096775,0.0017158544955387784,0.0008756650290095921,0.010896352099390067
3.7161290322580647,0.004323953328757722,0.002831801123981062,0.021591226491201945
3.7161290322580647,0.0015099519560741249,0.0013604272475239996,0.010891576139441307
3.682258064516129,0.0020590253946465337,0.0013221856121528152,0.010527205723923006
3.7074193548387098,0.0004118050789293068,0.0001517558815079112,0.012363721223701154
3.697741935483871,0.002127659574468085,0.001094566343070756,0.014601897158395149
3.697741935483871,0.0006863417982155113,0.00035442538057263017,0.012022351711989836
3.7016129032258065,0.0019903912148249827,0.0007121657477132637,0.010819683762095777
3.72,0.0006177076183939602,0.00036100969659253027,0.008312321759177508
3.7035483870967743,0.0008922443376801647,0.0006790584342098297,0.015133811749341813
3.698709677419355,0.0004804392587508579,0.0002299216568547447,0.006255070783762982
3.6793548387096773,0.0017844886753603294,0.0010543782769895137,0.015389497344356854
3.7238709677419353,0.0016472203157172271,0.0009930237663788929,0.011432287191399595
3.705483870967742,0.0007549759780370624,0.0004021595934854025,0.012447600891338508
3.704516129032258,0.001098146877144818,0.00034240744788597037,0.025061838192974244
3.697741935483871,0.0017844886753603294,0.0012705049990313264,0.003937598585720601
3.712258064516129,0.0026767330130404937,0.0015259854628828452,0.01999999999999996
3.69,0.0019217570350034319,0.0016267571571385202,0.010205994851326684
3.7383870967741935,0.0009608785175017158,0.0006724748779089026,0.023838251337861043
3.7025806451612904,0.0019903912148249827,0.0015464282421524763,0.007660865862605122
3.714193548387097,0.0011667810569663693,0.0005792262137347135,0.00863166978081267
3.704516129032258,0.000549073438572409,0.00024640424649437215,0.008751393526613244
3.69,0.001098146877144818,0.00048207063614059655,0.009895394613018015
3.690967741935484,0.002676733013040494,0.001635261247175331,0.008916306426506652
3.6841935483870967,0.0018531228551818806,0.001048654004700603,0.017553248852145546
3.689032258064516,0.004667124227865477,0.0026161139069179238,0.010872451320227534
3.7016129032258065,0.000549073438572409,0.00022415829263630087,0.014587637489800003
3.6861290322580644,0.0006863417982155113,0.0001772126902863151,0.008217896259907726
3.7035483870967743,0.0012354152367879201,0.0009421761739635779,0.0320979899267245
3.6861290322580644,0.003980782429649965,0.0031796388292091855,0.008217896259907763
3.720967741935484,0.0018531228551818806,0.0011977707721535964,0.01963506812068801
3.697741935483871,0.001578586135895676,0.0008124127615906979,0.011029239353083094
3.6948387096774193,0.0018531228551818806,0.001184588740883058,0.02158158539829386
3.689032258064516,0.0004804392587508579,0.0002299216568547447,0.011062211741601454
3.690967741935484,0.0007549759780370624,0.00041497042203653746,0.01091066743566956
3.6929032258064516,0.0009608785175017158,0.0003855479191570056,0.007523808896574567
3.674516129032258,0.0008236101578586136,0.00036604895904827266,0.010307448586238973
3.6841935483870967,0.0030885380919698007,0.002646844217667845,0.008293522665924162
3.6841935483870967,0.002676733013040494,0.0019370841327613303,0.008418057000451555
3.6803225806451616,0.0017844886753603294,0.001342612743181991,0.012245324449098245
3.6812903225806455,0.005902539464653397,0.0034954800740854314,0.00752380889657463
3.6783870967741934,0.0006177076183939602,0.0002388539581082258,0.00782881361258812
3.695806451612903,0.0024708304735758407,0.0012828044629490903,0.012939465238794558
3.7219354838709675,0.000549073438572409,0.0002668017339210844,0.01999999999999999
3.670645161290323,0.0028826355525051472,0.0019807696931515312,0.016260752465972365
3.6745161290322583,0.0013040494166094716,0.0010849604851411005,0.008167089613659513
3.69,0.002196293754289636,0.0012605790266717832,0.01163528309475575
3.6929032258064516,0.0009608785175017159,0.0005983389078298798,0.00879882690128121
3.688064516129032,0.000549073438572409,0.00022415829263630087,0.020064931019463213
3.683225806451613,0.0006177076183939602,0.0002388539581082258,0.016897807553172637
3.670645161290323,0.0026767330130404937,0.0016384588670596085,0.007908161723955717
3.696774193548387,0.0028826355525051477,0.0016836760002721662,0.01869855064024448
3.6822580645161294,0.0006863417982155113,0.00032354462648663806,0.009916403967057693
3.69,0.001098146877144818,0.000471088086981789,0.010896352099390034
3.6929032258064516,0.0014413177762525736,0.0004626801284867692,0.010118959446037497
3.6938709677419355,0.0031571722717913518,0.001579083406702118,0.011271874328810438
3.7180645161290324,0.005078929306794784,0.0032146727193320145,0.023519646623945997
3.6948387096774193,0.0030199039121482497,0.002570500463086367,0.014555502158294813
3.696774193548387,0.0029512697323266987,0.0013728742336927473,0.012069862537980465
3.705483870967742,0.0009608785175017158,0.0003573667204715925,0.01074246826151405
3.6948387096774193,0.0028140013726835962,0.0023630942915259076,0.014908670978440388
3.713225806451613,0.0007549759780370624,0.00027926231104401055,0.02600928354232421
3.7180645161290324,0.006520247083047357,0.0035813481931891975,0.00921474635941009
3.6851612903225806,0.001029512697323267,0.00031117525757802435,0.009973951505638914
3.6948387096774193,0.0015099519560741249,0.0009961812426024818,0.02039158790874719
3.7083870967741936,0.002196293754289636,0.0014606167649977,0.012724569627945867
3.734516129032258,0.003706245710363761,0.00172786159583612,0.023724485171866917
3.696774193548387,0.0017844886753603294,0.0006155856347322677,0.016511592118799677
3.726774193548387,0.0017158544955387781,0.0012707109656370454,0.02586485327148531
3.7238709677419353,0.00034317089910775565,0.00023443035383115073,0.025144742283748463
3.7016129032258065,0.0024021962937542897,0.0012870815080334205,0.007249098404594884
3.690967741935484,0.0020590253946465337,0.0015516655189030581,0.009911155803701428
3.69,0.001166781056966369,0.00048043925875085786,0.006296522998691334
3.698709677419355,0.001098146877144818,0.0008069179633286845,0.01851961302504168
3.7074193548387093,0.0002745367192862045,0.0001517558815079112,0.01112318687068819
3.6948387096774193,0.002676733013040494,0.0019478622609227444,0.01018047344390935
3.673548387096774,0.0006177076183939602,0.0002388539581082258,0.010620695247196383
3.7112903225806453,0.0007549759780370624,0.00019003943863916893,0.009596435342350653
3.6754838709677418,0.0004118050789293068,0.00018302447952413633,0.01382211953911518
3.6948387096774193,0.0018531228551818806,0.0014793102869208152,0.014838709677419336
3.7112903225806453,0.004461221688400823,0.002736296308719552,0.01243087023741785
3.6870967741935488,0.0007549759780370624,0.00036100969659253027,0.008032193289025073
3.698709677419355,0.0014413177762525736,0.0005828295219792723,0.007875197171441086
3.7074193548387098,0.0004118050789293068,0.0002096808828623125,0.01140038519165952
3.69,0.0017158544955387784,0.0010037708061532969,0.022070269010448167
3.682258064516129,0.0009608785175017158,0.00048207063614059655,0.015753697351064275
3.673548387096774,0.0007549759780370625,0.00031452132429346877,0.016524191580471838
3.7074193548387098,0.0008922443376801647,0.0003243524794957178,0.012022351711989848
3.6996774193548387,0.0028826355525051472,0.0012226391412388366,0.01506489603720724
3.688064516129032,0.0025394646533973917,0.0011349454820235607,0.019054115387899806
3.6861290322580644,0.00034317089910775565,0.00023443035383115073,0.01356757473858906
3.714193548387097,0.00034317089910775565,0.0001143902997025852,0.01077631812160649
3.6938709677419355,0.0028826355525051477,0.0022340984883520844,0.009999999999999998
3.7103225806451614,0.0024708304735758407,0.002102293298130431,0.025612171924231243
3.6996774193548387,0.001098146877144818,0.00031033310378061164,0.011987680113588374
3.7287096774193547,0.0006863417982155112,0.0004798942338916272,0.02648503003239484
3.696774193548387,0.0004804392587508579,0.00025165865934568746,0.013063520471817152
3.6919354838709677,0.0024708304735758407,0.001207129348732365,0.009916403967057697
3.7170967741935486,0.0004118050789293068,0.00023331134813968357,0.018101919802062175
3.706451612903226,0.0006863417982155113,0.0002706968557812682,0.009459921482977557
3.7103225806451614,0.003157172271791352,0.0012868781615580172,0.007096774193548376
3.712258064516129,0.0020590253946465337,0.0010180094011112781,0.013852200357150853
3.7103225806451614,0.0019903912148249827,0.0007549759780370624,0.009591012095044182
3.6996774193548387,0.0004804392587508579,0.0001464910601105662,0.013459771641951635
3.706451612903226,0.0007549759780370624,0.0002974147792267216,0.012241074813554954
3.719032258064516,0.0008236101578586136,0.0001994463026099599,0.01682684045902577
3.7006451612903226,0.002127659574468085,0.001254961166955157,0.007523808896574596
3.6774193548387095,0.0017158544955387781,0.0009165511610162491,0.0059480931982535
3.712258064516129,0.004598490048043926,0.0023930275721539287,0.00766086586260509
3.6929032258064516,0.0018531228551818806,0.001193392940356438,0.009698900889272851
3.714193548387097,0.0014413177762525738,0.00047385758813104506,0.01649898303554123
3.705483870967742,0.0006177076183939602,0.00019003943863916893,0.011308740737392325
3.7035483870967743,0.0019903912148249827,0.0014629441572864943,0.00790816172395562
3.6851612903225806,0.002127659574468085,0.0013857760440089504,0.006419273787784662
3.727741935483871,0.0031571722717913518,0.0017756676194859073,0.028040404918839648
3.73258064516129,0.0032944406314344542,0.0030690727682880807,0.01172437538412021
3.720967741935484,0.0019903912148249827,0.0013357731024474947,0.01627354613629608
3.7093548387096775,0.0008236101578586136,0.0005394566974400181,0.017671414096519168
3.689032258064516,0.0028140013726835962,0.0016669614488169174,0.011965959349026717
3.697741935483871,0.001029512697323267,0.00015347069166093272,0.00870967741935481
3.6938709677419355,0.0008236101578586135,0.00047770791621645146,0.01988782276361074
3.696774193548387,0.0006863417982155113,0.0003393364670370928,0.005587260669577044
3.6938709677419355,0.0019903912148249827,0.0012632750118763232,0.009789671551931346
3.73258064516129,0.0013040494166094716,0.0008648390835706153,0.016196632529849292
3.7306451612903224,0.0013040494166094716,0.0010801255213098032,0.024107373408430183
3.7025806451612904,0.0004118050789293068,0.00023331134813968357,0.007384208478877135
3.686129032258065,0.0030885380919698007,0.001955371602181798,0.012108596373628077
3.7248387096774196,0.0002745367192862045,0.00011207914631815044,0.014884221929108819
3.695806451612903,0.002196293754289636,0.0014713278600607207,0.005851082950715169
3.721935483870968,0.001098146877144818,0.0008133785785692601,0.02160086328101057
3.721935483870968,0.0014413177762525736,0.0011459601726257784,0.02362559151432326
3.706451612903226,0.0013726835964310228,0.0012234950315370338,0.009677419354838715
3.690967741935484,0.00034317089910775565,0.00023443035383115073,0.007927874662867413
3.695806451612903,0.0026080988332189427,0.0016649192769307023,0.008467357902197837
3.7074193548387098,0.00425531914893617,0.0018692929046731177,0.010838901688007368
3.7074193548387098,0.0002059025394646534,0.0001464910601105662,0.007960621083389081
3.705483870967742,0.0023335621139327386,0.0012705049990313264,0.008828343344131627
3.7006451612903226,0.0008236101578586136,0.0006771287388217222,0.008798826901281205
3.7016129032258065,0.0006177076183939602,0.0002388539581082258,0.008804738105778177
3.681290322580645,0.0008236101578586136,0.0003035117630158224,0.01191366794362542
3.6861290322580644,0.0037748798901853123,0.00223983100509001,0.006835361322715198
3.6609677419354836,0.0013040494166094716,0.0007409807705651634,0.007503034419105143
3.6803225806451616,0.002196293754289636,0.0010523907572637839,0.007640464053114211
3.669677419354839,0.002196293754289636,0.0009909131927571591,0.009763061903497799
3.698709677419355,0.001647220315717227,0.001572440199262373,0.009101119986881186
3.6716129032258062,0.0004804392587508579,0.0002902900375303024,0.015617701208916406
3.6774193548387095,0.00020590253946465342,0.0002059025394646534,0.007496096799111159
3.6774193548387095,0.0002745367192862045,0.0001517558815079112,0.020299526093615836
3.6764516129032256,0.002196293754289636,0.0018210705780949347,0.010144635608720245
3.675483870967742,0.0013040494166094716,0.0008648390835706153,0.007741935483870963
3.662903225806452,0.0030199039121482497,0.0011719284808845295,0.011918034323813676
3.674516129032258,0.0002745367192862045,0.00011207914631815044,0.008293522665924171
3.6919354838709677,0.0015099519560741249,0.0007977852104398397,0.02071811706236309
3.689032258064516,0.005971173644474949,0.0037215368178443523,0.023914519990775
3.6735483870967744,0.005078929306794783,0.0027571621862608696,0.015816323447911326
3.69,0.004461221688400824,0.0023156620316760754,0.018307694998274494
3.688064516129032,0.001029512697323267,0.0003580982805421763,0.013178514977945482
3.7074193548387093,0.0002059025394646534,0.00010484044143115624,0.0212732091532872
3.6938709677419355,0.003088538091969801,0.001565935937647916,0.019411208236555365
3.704516129032258,0.0012354152367879203,0.0005095185873099996,0.011702165901430295
3.7016129032258065,0.0019903912148249827,0.0014807248799162116,0.0036065612540319616
3.704516129032258,0.001029512697323267,0.0005533464480644165,0.023297380755184234
3.683225806451613,0.001098146877144818,0.0003855479191570056,0.009805602679722964
3.7016129032258065,0.002196293754289636,0.0009641412722811932,0.008685749688926611
3.7045161290322577,0.00034317089910775565,0.0001844488160214722,0.012393143685353896
3.695806451612903,0.0015785861358956759,0.000921108311104891,0.01576690246432251
3.706451612903226,0.0017158544955387781,0.0009165511610162491,0.007768770695995031
3.6948387096774193,0.002264927934111187,0.0012532917798949747,0.016624643518355027
3.689032258064516,0.0012354152367879201,0.000653528110596463,0.012887086680927869
3.7306451612903224,0.004392587508579272,0.0034228513766671317,0.021651386057483686
3.6832258064516132,0.0004118050789293068,0.0002929821202211324,0.0056243857336009334
3.696774193548387,0.0002745367192862045,0.0001517558815079112,0.010402913223611036
3.715161290322581,0.0015099519560741246,0.0009253602569735383,0.017636047655273088
3.7006451612903226,0.0024708304735758407,0.0011029028408322077,0.012510141567525992
3.7016129032258065,0.0007549759780370624,0.0003307442757904589,0.010527205723923034
3.704516129032258,0.0034317089910775563,0.0029172890650734527,0.008510261908563157
3.714193548387097,0.0009608785175017159,0.00044831658527260185,0.013284684052886459
3.690967741935484,0.0008922443376801647,0.00035516299922809476,0.010620695247196357
3.695806451612903,0.005284831846259438,0.0035854379922056214,0.006985938008937988
3.7035483870967743,0.0024021962937542897,0.0013850204408753428,0.01089635209939002
3.689032258064516,0.0014413177762525738,0.0006261236414277743,0.013746629517846765
3.6948387096774193,0.0013040494166094716,0.00041497042203653746,0.008387096774193515
3.701612903225807,0.0006177076183939602,0.00019003943863916893,0.020566887908767838
3.696774193548387,0.0008236101578586137,0.0004316623716337956,0.01009837151128938
3.705483870967742,0.005971173644474948,0.002998771760460326,0.006196571842676985
3.688064516129032,0.002196293754289636,0.0009641412722811932,0.017096774193548384
3.7112903225806453,0.002264927934111187,0.001384264425294518,0.015284332568363998
3.688064516129032,0.0023335621139327386,0.0012243503235195288,0.01004153704275702
3.7238709677419357,0.0034317089910775567,0.00297942266686794,0.013127090289919882
3.6929032258064516,0.0029512697323266987,0.0022879203814917923,0.013852200357150945
3.6754838709677418,0.004461221688400824,0.0017639859552689302,0.015789984839381148
3.69,0.00301990391214825,0.0024237790232256285,0.011363816099231308
3.706451612903226,0.0007549759780370624,0.0002598448110638423,0.008534681648595445
3.696774193548387,0.0020590253946465337,0.0007990962798706465,0.005397806622800496
3.7112903225806453,0.0008922443376801648,0.0006227708802935804,0.028571614389168307
3.698709677419355,0.001098146877144818,0.0003988926052199198,0.014339426303801871
3.6938709677419355,0.0004804392587508579,0.0002299216568547447,0.011545503334305337
3.7016129032258065,0.0038435140700068633,0.0031654505708401696,0.011563515050925741
3.706451612903226,0.002196293754289636,0.0015909712789488638,0.011174521339154062
3.7287096774193547,0.001166781056966369,0.00048043925875085786,0.025483870967741955
3.724838709677419,0.0026767330130404937,0.001233931508594079,0.02001300305709179
3.6938709677419355,0.0011667810569663693,0.0005514514204161038,0.009999999999999978
3.73258064516129,0.004461221688400824,0.002194982640760196,0.015270710165864034
3.698709677419355,0.0022649279341111876,0.0017544653003923902,0.014339426303801845
3.7016129032258065,0.0024021962937542897,0.001319213291543216,0.006162894572433174
3.7112903225806453,0.0017844886753603294,0.0010494024196915776,0.00926542362344839
3.7190322580645163,0.0018531228551818804,0.00129033069340687,0.008898783370408803
3.6929032258064516,0.0004118050789293068,0.00023331134813968357,0.012593045997382696
3.7035483870967743,0.0004118050789293068,0.00023331134813968357,0.007908161723955658
3.6870967741935488,0.004049416609471517,0.002776552083935831,0.015198992244373863
3.7006451612903226,0.004186684969114619,0.0033708474822763492,0.013079441892073058
3.6774193548387095,6.863417982155113e-05,6.863417982155113e-05,0.01206986253798044
3.6870967741935483,0.00034317089910775565,0.0001143902997025852,0.014426245016127643
3.713225806451613,0.001578586135895676,0.0007165618743246773,0.011987680113588405
3.7170967741935486,0.004186684969114619,0.003147625312311544,0.01570076583695216
3.6870967741935483,0.004461221688400824,0.002151632581935755,0.00967741935483872
3.686129032258065,0.0006863417982155112,0.0004798942338916272,0.01467298763296025
3.6938709677419355,0.0032258064516129032,0.0016467436204921626,0.008418057000451565
3.6793548387096777,0.0033630748112560057,0.0018258067904579065,0.009214746359410116
3.7035483870967743,0.0009608785175017158,0.00043648556459251686,0.015338701197378972
3.704516129032258,0.0019217570350034316,0.0014058377026526848,0.01404615552069498
3.704516129032258,0.0012354152367879203,0.0007220193931850605,0.019344083032987017
3.729677419354839,0.005147563486616335,0.002701646065553585,0.029712461779792122
3.689032258064516,0.0037748798901853123,0.00145505180655757,0.00760633943390428
3.7132258064516126,0.0013040494166094716,0.000719477702746117,0.015064896037207249
3.696774193548387,0.002333562113932738,0.0018898994672215401,0.008287246824945175
3.689032258064516,0.0015099519560741249,0.0006206662075612233,0.01152294909644628
3.696774193548387,0.00665751544269046,0.0032419914232761017,0.007355970484510563
3.704516129032258,0.0008236101578586137,0.0004316623716337956,0.011062211741601439
3.6929032258064516,0.0010295126973232668,0.0005038370063039404,0.009371509062150923
3.6812903225806455,0.0036376115305422102,0.002257984545810413,0.007927874662867422
3.7141935483870965,0.0016472203157172271,0.000793839010427704,0.01668711891145491
3.698709677419355,0.0008236101578586136,0.00026680173392108444,0.009973951505638918
3.688064516129032,0.0032258064516129032,0.0016530882543582817,0.004663494288645471
3.705483870967742,0.0008922443376801648,0.00027166191002145774,0.015567649692920835
3.708387096774193,0.0011667810569663693,0.0003243524794957178,0.014483835045576522
3.698709677419355,0.00796156485929993,0.003886847052225175,0.006735681618652001
3.6812903225806455,0.0028140013726835962,0.0013239658015310257,0.015684188104700954
3.69,0.0008236101578586136,0.00040668928928463,0.008781069412139495
3.7025806451612904,0.0006863417982155113,0.00028938711143156065,0.006642342026443209
3.711290322580645,0.0018531228551818806,0.0011163461815379412,0.008064516129032268
3.7112903225806453,0.0028140013726835962,0.001859889186612002,0.010020790043231661
3.698709677419355,0.0014413177762525736,0.001075268817204301,0.011248771467201721
3.7306451612903224,0.0004804392587508579,0.00017868336023579625,0.023890576079078088
3.697741935483871,0.0025394646533973917,0.001461512354489539,0.011847979143359324
3.715161290322581,0.0006863417982155113,0.00022878059940517045,0.010347751569255156
3.7306451612903224,0.0019217570350034316,0.0010523907572637839,0.021116100450391157
3.6870967741935483,0.002264927934111187,0.0007994237112631501,0.009009187125012242
3.6929032258064516,0.0024708304735758407,0.00209481091599352,0.015212678867808478
3.6658064516129034,0.0002745367192862045,0.0001517558815079112,0.00875139352661327
3.706451612903226,0.0004118050789293068,0.0001517558815079112,0.011896186396506943
3.689032258064516,0.0008922443376801647,0.00030779281736613385,0.015986466701114657
3.6841935483870967,0.0015785861358956759,0.0007381498881217879,0.007503034419105151
3.7006451612903226,0.0006177076183939602,0.00019003943863916893,0.008798826901281169
3.7016129032258065,0.0008236101578586136,0.0003362374389544513,0.015147557266933995
3.6996774193548387,0.0018531228551818806,0.0009869437021332872,0.008293522665924173
3.696774193548387,0.0034317089910775563,0.0016434028822757236,0.010502464900709475
3.7083870967741936,0.0018531228551818806,0.0011889989897219202,0.011340900536288346
3.706451612903226,0.001029512697323267,0.0007395666838364042,0.010302399627529879
3.6996774193548387,0.004049416609471517,0.0019098727214312832,0.0210074066518257
3.715161290322581,0.00013726835964310226,9.151223976206816e-05,0.015023394867348414
3.7209677419354836,0.0006863417982155113,0.00039625962195581724,0.024236520975821706
3.7383870967741935,0.005147563486616335,0.003387575587957183,0.02303912430408913
3.7035483870967743,0.0015099519560741249,0.0007845540242270531,0.011545503334305344
3.688064516129032,0.0013726835964310226,0.0005413937115625363,0.01685155856336641
3.6938709677419355,0.0030199039121482497,0.0021684732301208483,0.009129659160054827
3.689032258064516,0.001029512697323267,0.00043708472144916036,0.011790752827417459
3.6929032258064516,0.001098146877144818,0.0004243247996108764,0.01837294305277178
3.7006451612903226,0.0006177076183939602,0.0003462078689183609,0.008312321759177493
3.69,0.0008922443376801646,0.0005222014280719892,0.014856230889896078
3.690967741935484,0.0017158544955387781,0.001354450708361078,0.010422899626711949
3.7074193548387098,0.0026767330130404937,0.0010305289983578317,0.00769474867217842
3.7035483870967743,0.0007549759780370624,0.0005457268561828672,0.01701135080443254
3.696774193548387,0.00034317089910775565,0.00021092529071820837,0.0070673878387763
3.6677419354838707,0.0006177076183939602,0.00041497042203653746,0.014922623878993976
3.69,0.0014413177762525736,0.0005737788242500321,0.008781069412139499
3.7006451612903226,0.0006863417982155113,0.0002046275888812436,0.015006068838210339
3.6938709677419355,0.0025394646533973917,0.002018073135666929,0.012907257434672638
3.695806451612903,0.0033630748112560053,0.001859889186612002,0.01602872032103852
3.7103225806451614,0.0019217570350034314,0.0009641412722811931,0.010015596578232307
3.686129032258065,0.0004118050789293068,0.00018302447952413633,0.013413305087930235
3.7025806451612904,0.0006863417982155113,0.0001772126902863151,0.016524191580471873
3.6774193548387095,0.002196293754289636,0.0009749382636770767,0.010302399627529867
3.7025806451612904,0.0009608785175017158,0.0006724748779089026,0.008916306426506641
3.720967741935484,0.0030885380919698007,0.0017490871584120247,0.026571326271240085
3.712258064516129,0.0008922443376801647,0.0003401068118809999,0.018765212351288994
3.6996774193548387,0.003088538091969801,0.0017787599649897198,0.01010352242797796
3.688064516129032,0.003157172271791352,0.0019337036475969287,0.011029239353083082
3.683225806451613,0.0012354152367879203,0.0005394566974400181,0.008916306426506598
3.6841935483870967,0.0015099519560741249,0.0010672069356843375,0.013613514739360759
3.6996774193548387,0.0017844886753603294,0.0012663786321755245,0.006129032258064496
3.705483870967742,0.0019217570350034316,0.0008608962581664049,0.025985267578253327
3.6938709677419355,0.001098146877144818,0.00037172447516064784,0.009789671551931322
3.680322580645161,0.004049416609471517,0.002110369275054924,0.01050741772574344
3.6938709677419355,0.0024708304735758407,0.0008931238296016076,0.006926100178575446
3.681290322580645,0.0032944406314344542,0.001803743156662276,0.01451254436026067
3.6706451612903224,0.0008922443376801647,0.0005514514204161038,0.013146892820848298
3.6716129032258062,0.0012354152367879203,0.0007911972759455769,0.008312321759177545
3.6919354838709677,0.0013040494166094714,0.0011595814136329612,0.01608057236208321
3.666774193548387,0.0032944406314344542,0.001652296507459875,0.01502339486734846
3.6716129032258062,0.0012354152367879203,0.0004436220414016316,0.008058061933417245
3.670645161290323,0.0049416609471516805,0.00312316942513503,0.009242934697996415
3.678387096774194,0.0009608785175017158,0.0003573667204715925,0.00917513719569542
3.675483870967742,0.0008922443376801647,0.00029029003753030245,0.01187867912227223
3.6648387096774195,0.00013726835964310226,9.151223976206816e-05,0.009129659160054824
3.67258064516129,0.0013726835964310226,0.0007925192439116345,0.011104460953586142
3.6812903225806455,0.0015785861358956759,0.0004912127786223721,0.012919344770645672
3.6706451612903224,0.004941660947151681,0.0032383568573270184,0.01216004956449726
3.6677419354838707,0.0036376115305422102,0.00281139615990333,0.008892934678767877
3.6706451612903224,0.0006863417982155114,0.00043408066714734105,0.014138456129555547
3.6783870967741934,0.004804392587508579,0.002425505976792234,0.010246696886624917
3.6996774193548387,0.0019903912148249827,0.001423044753153419,0.02556540651751556
3.682258064516129,0.0006177076183939602,0.0002792623110440106,0.007104101788885586
3.696774193548387,0.0009608785175017158,0.00034240744788597037,0.024693753818070496
3.6929032258064516,0.001029512697323267,0.00039954813993532326,0.025285055409374733
3.668709677419355,0.0038435140700068633,0.0031654505708401696,0.008343559455727446
3.6716129032258067,0.0034317089910775563,0.002474640545960185,0.015947363992655842
3.662903225806452,0.0030199039121482493,0.0019201221924829359,0.010327619737794905
3.643548387096774,0.0028140013726835962,0.001287894572870059,0.008685749688926622
3.661935483870968,0.004873026767330131,0.003053085456528433,0.00437569676330665
3.6570967741935485,0.0024021962937542897,0.002104905848137537,0.010546956596304367
3.662903225806452,0.004323953328757721,0.0027186413617485733,0.011197777392070838
3.6648387096774195,0.0006177076183939602,0.0002158311858168978,0.0145733638684858
3.669677419354839,0.0006177076183939602,0.0001601464195836193,0.019127699458546622
3.6677419354838707,0.002196293754289636,0.001457028902135956,0.005948093198253469
3.6503225806451614,0.0024021962937542892,0.0016726036812110946,0.010382888348020113
3.6774193548387095,0.0012354152367879203,0.0007363750601432661,0.02060479925505976
3.644516129032258,0.002127659574468085,0.0009943405999588528,0.017202956936739896
3.6667741935483873,0.002196293754289636,0.0014713278600607207,0.010546956596304405
3.7016129032258065,0.003912148249828415,0.003161893558373962,0.024914004018902775
3.6503225806451614,0.0006177076183939602,0.00041497042203653746,0.011432287191399578
3.6783870967741934,0.002127659574468085,0.0013857760440089504,0.0068353613227151635
3.6725806451612906,0.005422100205902539,0.0020474265954546216,0.010625592962581079
3.6783870967741934,0.006794783802333562,0.002939541374131511,0.014314004988602455
3.674516129032258,0.0002745367192862045,0.00011207914631815044,0.025768116688440697
3.6638709677419357,0.001578586135895676,0.000631119387972259,0.011285713344861911
3.661935483870968,0.00034317089910775565,0.00015347069166093272,0.007523808896574646
3.664838709677419,0.0006177076183939602,0.00019003943863916893,0.011363816099231322
3.6735483870967744,0.0031571722717913518,0.0010444028561439785,0.010221277108228998
3.66,0.002539464653397392,0.0018044684545148475,0.01007774151729889
3.6706451612903224,0.0013040494166094716,0.0005059104183824292,0.013304252017613734
3.6870967741935483,0.0004118050789293068,0.0002096808828623125,0.028010701091732166
3.6570967741935485,0.002264927934111187,0.0018922520687945285,0.010246696886624915
3.698709677419355,0.0008236101578586136,0.000285746877071535,0.02177359616862736
3.675483870967742,0.001029512697323267,0.0005987761303272661,0.016561932455475412
3.6561290322580646,0.001029512697323267,0.00043708472144916036,0.012393143685353939
3.6996774193548387,0.0009608785175017158,0.0005528733000958394,0.01413845612955552
3.670645161290323,0.0020590253946465337,0.0015415127456346843,0.009242934697996438
3.6551612903225807,0.001166781056966369,0.0004098941401777377,0.017847195088545872
3.6570967741935485,0.0028140013726835962,0.002003496381508252,0.011400385191659538
3.6745161290322583,0.0030885380919698007,0.001721944504020472,0.013689738821885764
3.669677419354839,0.0007549759780370624,0.0005360500807073887,0.01879845456043032
3.66,0.0019903912148249827,0.0013396857444024112,0.013971876017875978
3.704516129032258,0.00034317089910775565,0.0001143902997025852,0.019236195504355572
3.668709677419355,0.0010295126973232668,0.00048261320315097186,0.014458667632912836
3.6667741935483873,0.0006177076183939603,0.00043947318033169864,0.014314004988602386
3.670645161290323,0.0011667810569663693,0.0010182664417418387,0.02154539287676973
3.6580645161290324,0.0006863417982155113,0.00022878059940517045,0.010795613245601
3.6861290322580644,0.0024708304735758407,0.0013886058938909647,0.021756862876022246
3.6870967741935483,0.0008236101578586137,0.000419361765724625,0.017668469596940833
3.6725806451612906,0.004529855868222374,0.0034121305307713854,0.01690088631926417
3.654193548387097,0.002676733013040494,0.0015732721342442638,0.009805602679723054
3.662903225806452,0.00425531914893617,0.0020559727237392787,0.013397780424061458
3.6648387096774195,0.0013726835964310226,0.0010128548900104623,0.030124611128271
3.6783870967741934,0.001098146877144818,0.00052370272899838,0.010934484681727964
3.662903225806452,0.004735758407687028,0.0025892668212557732,0.012923371370329093
3.654193548387097,0.0025394646533973917,0.001116346181537941,0.007384208478877198
3.666774193548387,0.0037062457103637612,0.002951535744291034,0.009725686084955687
3.661935483870968,0.0019217570350034316,0.0014748809390332826,0.008798826901281219
3.66,0.004186684969114619,0.0021423687684483128,0.015389497344356915
3.680322580645161,0.0013726835964310226,0.0005316380708589452,0.013304252017613715
3.713225806451613,0.0008922443376801647,0.0003696063697415582,0.02841823805062837
3.66,0.0013726835964310224,0.000932123028481508,0.013206122251908843
3.66,0.0024021962937542892,0.001884491224910646,0.008135174330915138
3.658064516129032,0.000549073438572409,0.0001994463026099599,0.006766508697871958
3.695806451612903,0.0028140013726835962,0.0015799118435707658,0.01916302805197309
3.688064516129032,0.001578586135895676,0.0007727909290347534,0.011029239353083099
3.6783870967741934,0.0008922443376801647,0.0005017550262974447,0.014814145165425875
3.6648387096774195,0.0019217570350034316,0.0009309993113418349,0.010800431640505316
3.6590322580645163,0.0012354152367879203,0.0004991403392649605,0.017278402246247892
3.668709677419355,0.0002745367192862045,0.0001517558815079112,0.010934484681727948
3.6783870967741934,0.0009608785175017158,0.0003573667204715925,0.007558306137974211
3.676451612903226,0.0015099519560741249,0.0010672069356843375,0.010447828864968856
3.6483870967741936,0.000549073438572409,0.00024640424649437215,0.008655747009676638
3.69,0.0032258064516129032,0.0009435639728804062,0.016514742885380875
3.7006451612903226,0.0019217570350034316,0.0009309993113418349,0.018202239973762413
3.6793548387096773,0.003912148249828415,0.002059152491056929,0.012393143685353901
3.6687096774193546,0.003706245710363761,0.0018049034933256478,0.013490660429888075
3.6754838709677418,0.004461221688400824,0.0031456292489206263,0.008006241061929625
3.6648387096774195,0.0009608785175017159,0.0005983389078298798,0.006774193548387066
3.6793548387096773,0.0028826355525051477,0.0020711910862971903,0.009214746359410133
3.6754838709677418,0.002264927934111187,0.0014507287908934058,0.013670722645430388
3.6474193548387097,0.0023335621139327386,0.0010740512097282546,0.010934484681727901
3.6696774193548385,0.0008922443376801647,0.0002716619100214577,0.011340900536288352
3.652258064516129,0.0008922443376801647,0.0004465619148008038,0.011826001793434385
3.6580645161290324,0.0006177076183939601,0.00047385758813104495,0.018247916933846402
3.6929032258064516,0.0006177076183939602,0.0002158311858168978,0.02482823407083082
3.6735483870967744,0.0015099519560741249,0.0006206662075612233,0.010522262213096819
3.670645161290323,0.004049416609471517,0.003076992749475559,0.01099143550800055
3.6561290322580646,0.0004804392587508579,0.0002059025394646534,0.009655890030384367
3.6725806451612906,0.0012354152367879203,0.0007220193931850605,0.011653156043992561
3.7074193548387093,0.003225806451612903,0.002520846626246665,0.03158820628454096
3.667741935483871,0.002127659574468085,0.0011505185047522449,0.01567091329224658
3.6580645161290324,0.00034317089910775565,0.0001143902997025852,0.0053978066228005045
3.6870967741935483,0.0009608785175017158,0.000471088086981789,0.016257552475295662
3.681290322580645,0.0014413177762525738,0.0008945877280264082,0.009259806512520867
3.6996774193548387,0.0007549759780370624,0.0003462078689183609,0.017671414096519174
3.673548387096774,0.0009608785175017158,0.00031033310378061164,0.010015596578232224
3.670645161290323,0.002059025394646534,0.001236262281958938,0.016764885755079093
3.6619354838709675,0.001166781056966369,0.0005701183159175068,0.010522262213096833
3.674516129032258,0.002470830473575841,0.0013658029335712012,0.009354838709677429
3.66,0.0008236101578586136,0.0003035117630158224,0.011155881590832696
3.6638709677419357,0.003294440631434454,0.001891560430894018,0.01614193032670556
3.7016129032258065,0.0004118050789293068,0.0002096808828623125,0.02641421431733452
3.668709677419355,0.001578586135895676,0.000738149888121788,0.01293946523879452
3.666774193548387,0.0004804392587508579,0.00017868336023579625,0.007277751079147394
3.6948387096774193,0.0012354152367879201,0.0009421761739635779,0.02877303628513258
3.680322580645161,0.0016472203157172271,0.0006240302766866097,0.024526737942284316
3.6561290322580646,0.0006177076183939602,0.0003462078689183609,0.010967741935483862
3.6996774193548387,0.000549073438572409,0.00024640424649437215,0.03070622100364454
3.698709677419355,0.0015099519560741249,0.0007845540242270531,0.022479034051850772
3.6938709677419355,0.001578586135895676,0.0014325758137225593,0.01842102133583124
3.6764516129032256,0.001029512697323267,0.0005533464480644165,0.01474373533164699
3.6716129032258067,0.0018531228551818806,0.0006143089261998421,0.00969890088927283
3.6793548387096777,0.001098146877144818,0.0004928084929887443,0.012642527704687382
3.6774193548387095,0.0021276595744680847,0.0009943405999588528,0.0061205374067774656
3.6590322580645163,0.000549073438572409,0.0003514594256631712,0.008467357902197855
3.667741935483871,0.003157172271791352,0.00122006786785389,0.007067387838776387
3.689032258064516,0.0026080988332189427,0.0012480605533732195,0.010180473443909337
3.6590322580645163,0.000549073438572409,0.00017120372394298518,0.009937368903709278
3.698709677419355,0.0034317089910775567,0.002348764633760805,0.022058478706166153
3.7151612903225804,0.0007549759780370624,0.0004021595934854025,0.026774193548387042
3.6841935483870967,0.0013040494166094716,0.000719477702746117,0.012580645161290302
3.67741935483871,0.0012354152367879203,0.0005095185873099997,0.01713021683529264
3.6783870967741934,0.0007549759780370624,0.0003462078689183609,0.008828343344131608
3.683225806451613,0.001647220315717227,0.0009276199923456092,0.018372943052771727
3.6764516129032256,0.0014413177762525738,0.0008020383501696685,0.00939922728021513
3.6774193548387095,0.0004118050789293068,0.0002096808828623125,0.01383716812227559
3.6841935483870967,0.0030199039121482497,0.0016630319693787458,0.005956833971812677
3.721935483870968,0.0024021962937542897,0.0020315150420489895,0.018144982077968
3.667741935483871,0.0004118050789293068,0.00020968088286231248,0.010302399627529879
3.6745161290322583,0.0014413177762525736,0.00065071895004932,0.009895394613018036
3.67741935483871,0.000549073438572409,0.00024640424649437215,0.007768770695995001
3.719032258064516,0.0007549759780370624,0.00019003943863916893,0.027751311243875
3.6638709677419357,0.001029512697323267,0.0003431708991077556,0.008916306426506601
3.670645161290323,0.0024708304735758407,0.002023641673529717,0.008781069412139516
3.66,0.0004804392587508579,0.0002902900375303024,0.012224061497739648
3.6803225806451616,0.0013726835964310226,0.0007925192439116345,0.009242934697996415
3.6851612903225806,0.0013726835964310226,0.0006630691716398735,0.010077741517298882
3.67258064516129,0.0002745367192862045,0.0002096808828623125,0.014299458231807399
3.6793548387096777,0.0013726835964310226,0.0007724522084710194,0.008869501345075833
3.720967741935484,0.0004804392587508579,0.00017868336023579625,0.03135012575757244
3.682258064516129,0.0028826355525051472,0.00158107092593649,0.008922139797380201
3.6929032258064516,0.0006863417982155114,0.00030694138332186543,0.006483790723303825
3.726774193548387,0.002264927934111187,0.0018977760976792936,0.03901625905111086
3.6919354838709677,0.0006863417982155113,0.00014469355571578032,0.024746372147110566
3.698709677419355,0.0006863417982155113,0.0002706968557812682,0.017890870482402697
3.6929032258064516,0.0006177076183939602,0.00036100969659253027,0.008312321759177507
3.682258064516129,0.0026767330130404937,0.0014736383358671164,0.009704263842897602
3.682258064516129,0.004529855868222375,0.003478969920891395,0.009596435342350723
3.69,0.0008236101578586136,0.0004885416724791264,0.01198768011358841
3.695806451612903,0.0017844886753603294,0.0005528733000958394,0.010645161290322563
3.690967741935484,0.0013726835964310226,0.000744855666716985,0.008312321759177505
3.696774193548387,0.0006863417982155113,0.00014469355571578032,0.012983620514514897
3.683225806451613,0.0004118050789293068,0.00018302447952413633,0.008559031717046223
3.7035483870967743,0.0019903912148249827,0.0009457802154470093,0.01897750461946162
3.6706451612903224,0.0013726835964310226,0.0010779427123669407,0.02100740665182574
3.6870967741935483,0.0018531228551818804,0.0013302760704741825,0.02592713715794854
3.727741935483871,0.0014413177762525738,0.0008708701125909073,0.028518756264903692
3.7161290322580647,0.0006177076183939602,0.0002388539581082258,0.01853084724689685
3.682258064516129,0.0008922443376801648,0.0004224704944548018,0.010723077508770697
3.6793548387096777,0.000549073438572409,9.151223976206816e-05,0.006579380017539103
3.6841935483870967,0.001990391214824983,0.0016159426571869416,0.010800431640505316
3.6774193548387095,0.007481125600549073,0.004280643360887,0.012658978626031304
3.688064516129032,0.001166781056966369,0.0010926519273630338,0.015963668427946606
3.69,0.0012354152367879203,0.0006035646743661825,0.00957472392235862
3.7083870967741936,0.0012354152367879203,0.00047770791621645157,0.02682661017586038
3.690967741935484,0.005147563486616335,0.001955371602181798,0.012593045997382639
3.7016129032258065,0.0008236101578586136,0.0003514594256631712,0.023671793301880423
3.706451612903226,0.0019217570350034316,0.0009961812426024818,0.01743129817562101
3.676451612903226,0.0008922443376801647,0.0004465619148008038,0.009175137195695451
3.661935483870968,0.000549073438572409,0.000285746877071535,0.006797195969582405
3.682258064516129,0.0030199039121482497,0.002489822532219225,0.014372044780609999
3.682258064516129,0.0019217570350034316,0.0014925194628506143,0.01091543504237977
3.6754838709677418,0.0006863417982155113,0.00039625962195581724,0.008869501345075827
3.6774193548387095,0.0022649279341111876,0.00074520693090379,0.011630810566012898
3.670645161290323,0.0024021962937542897,0.0013850204408753428,0.011812795757161664
3.712258064516129,0.0013726835964310226,0.0010024663601101186,0.016206266693007083
3.6948387096774193,0.002059025394646534,0.001023137944406218,0.00746828187276787
3.680322580645161,0.0019903912148249827,0.0009995905868201086,0.006459672385322756
3.682258064516129,0.0016472203157172271,0.0009663103217544212,0.013083419219789196
3.6948387096774193,0.0002745367192862045,0.0001517558815079112,0.009655890030384367
3.682258064516129,0.0006177076183939602,0.0002388539581082258,0.012005028429631252
3.682258064516129,0.0034317089910775567,0.0021388233159497128,0.011918034323813661
3.689032258064516,0.002333562113932738,0.0013229771031618355,0.024174185800251862
3.6938709677419355,0.002196293754289636,0.0015644311139124919,0.013225806451612908
3.680322580645161,0.0024021962937542897,0.0014693700044229156,0.018421021335831258
3.675483870967742,0.0011667810569663693,0.0005792262137347134,0.009547515217386324
3.689032258064516,0.0035003431708991077,0.001355223355719047,0.01124877146720176
3.673548387096774,0.0007549759780370624,0.0005457268561828672,0.007660865862605116
3.669677419354839,0.0035003431708991077,0.0026013672072302675,0.01351763021919804
3.6764516129032256,0.002264927934111187,0.0018894839981657254,0.006523789811663473
3.6861290322580644,0.0024021962937542897,0.0018050484829626515,0.018612092563550512
3.660967741935484,0.003157172271791352,0.002408615362754858,0.016324620553393523
3.725806451612903,0.0035003431708991077,0.0020904338250308583,0.022488290397333393
3.719032258064516,0.0009608785175017158,0.0005528733000958394,0.010703651627765853
3.6793548387096777,0.000549073438572409,0.0002668017339210844,0.010581431914101151
3.682258064516129,0.0018531228551818806,0.0010585893663929786,0.008804738105778205
3.681290322580645,0.0037748798901853123,0.0030389952751026387,0.006642342026443199
3.6870967741935483,0.0008922443376801648,0.0004098941401777378,0.013063520471817169
3.6803225806451616,0.001098146877144818,0.00031033310378061164,0.013765540834420557
3.6687096774193546,0.0019903912148249827,0.0014700822536186083,0.011847979143359312
3.6996774193548387,0.000549073438572409,0.0003514594256631712,0.010896352099390041
3.698709677419355,0.0006863417982155113,0.00032354462648663806,0.013971876017875952
3.6725806451612906,0.002059025394646534,0.0005787742228631214,0.01732651484128489
3.6861290322580644,0.0018531228551818806,0.0008440112901256791,0.008343559455727501
3.6870967741935483,0.0017158544955387784,0.000922244080107361,0.01020089567796248
3.690967741935484,0.0013040494166094716,0.0007267160912499927,0.0073842084788771955
3.685161290322581,0.0013040494166094716,0.0008020383501696685,0.015524141181310906
3.6754838709677418,0.0004118050789293068,0.00023331134813968357,0.011062211741601458
3.689032258064516,0.0019217570350034316,0.0010423963166226965,0.018293479843558468
3.685161290322581,0.0035003431708991077,0.0030479380681481894,0.009326988577290973
3.696774193548387,0.0012354152367879203,0.0004777079162164516,0.011896186396506966
3.682258064516129,0.0013040494166094716,0.0006744178894067112,0.013003641529513764
3.673548387096774,0.0019903912148249827,0.0011685740369821215,0.01750278705322653
3.678387096774194,0.0004118050789293068,0.0001517558815079112,0.007960621083389102
3.6745161290322583,0.0004804392587508579,0.0001464910601105662,0.013915906200079336
3.680322580645161,0.0014413177762525736,0.0006821345923530346,0.01089635209939006
3.713225806451613,0.0006863417982155113,0.00022878059940517045,0.028637095638666076
3.706451612903226,0.0024708304735758407,0.0014476588441598146,0.0102008956779625
3.6996774193548387,0.001166781056966369,0.0007165618743246773,0.017072411125676434
3.696774193548387,0.0008922443376801647,0.0003401068118809999,0.015803159630859265
3.6929032258064516,0.001029512697323267,0.0008816220026537494,0.007241917522788254
3.6996774193548387,0.0016472203157172271,0.0009930237663788929,0.012414117035415355
3.6783870967741934,0.006108442004118051,0.0035360482200965707,0.011308740737392317
3.6851612903225806,0.002264927934111187,0.0013381220604795018,0.01783261285301322
3.715161290322581,0.0007549759780370624,0.0002158311858168978,0.013720109882668865
3.7112903225806453,0.0030885380919698007,0.0022021246855791605,0.026256162251773664
3.706451612903226,0.0057652711050102945,0.0034849826628834796,0.016385064644129456
3.706451612903226,0.0015099519560741246,0.000594829558453443,0.02401005685926247
3.690967741935484,0.001029512697323267,0.0003862261042355098,0.01594736399265584
3.689032258064516,0.0006177076183939602,0.0004149704220365374,0.01134090053628833
3.689032258064516,0.001029512697323267,0.00043708472144916036,0.016051426199515786
3.6938709677419355,0.0013040494166094716,0.0009119712389839738,0.008167089613659445
3.6948387096774193,0.007892930679478381,0.003723224143348138,0.005913000896717275
3.6870967741935483,0.0004804392587508579,0.0002059025394646534,0.011174521339154071
3.6870967741935483,0.001098146877144818,0.0004243247996108764,0.013142934701589283
3.680322580645161,0.0018531228551818804,0.0013498055364905054,0.012497658469555159
3.6938709677419355,0.0004804392587508579,0.00035516299922809476,0.014644592855246675
3.6851612903225806,0.003706245710363761,0.0025418337977270457,0.010967741935483853
3.7316129032258063,0.0010295126973232668,0.0006650396638640417,0.028496855258526167
3.6948387096774193,0.00048043925875085796,0.00027166191002145774,0.010872451320227575
3.6861290322580644,0.0013726835964310226,0.0004575611988103409,0.01387096774193551
3.683225806451613,0.000549073438572409,0.00022415829263630087,0.008679757449724967
3.704516129032258,0.0008922443376801647,0.000396919505213852,0.015253665054886291
3.6861290322580644,0.002539464653397392,0.0018044684545148475,0.008828343344131606
3.6803225806451616,0.0004804392587508579,0.0003401068118809999,0.008293522665924168
3.683225806451613,0.0008236101578586137,0.0004316623716337956,0.00914673992177922
3.661935483870968,0.0012354152367879203,0.0005196896221276846,0.008916306426506624
3.733548387096774,0.003706245710363761,0.0028815459151377326,0.023252672633471076
3.683225806451613,0.0008236101578586136,0.0004991403392649607,0.009591012095044212
3.690967741935484,0.0008236101578586136,0.0005394566974400181,0.011737680902361445
3.690967741935484,0.000549073438572409,0.00024640424649437215,0.02553078572568956
3.6870967741935483,0.002196293754289636,0.0010423963166226965,0.008534681648595457
3.721935483870968,0.002608098833218943,0.0011475576485000642,0.02645161290322585
3.69,0.0019217570350034319,0.0011151734254819439,0.008167089613659475
3.678387096774194,0.0012354152367879203,0.000653528110596463,0.011581498755494397
3.7006451612903226,0.0019217570350034314,0.0015442266786260537,0.02091556784186747
3.682258064516129,0.0032258064516129032,0.002111856847566982,0.014658797119357136
3.6996774193548387,0.0008922443376801647,0.0002059025394646534,0.009682794206324926
3.6793548387096777,0.0023335621139327386,0.0018078010766541671,0.011340900536288372
3.670645161290323,0.0004118050789293068,0.0002929821202211324,0.017730201398272603
3.69,0.001029512697323267,0.0005627258694234199,0.007908161723955653
3.7248387096774196,0.0006863417982155113,0.00040925517776248726,0.02681303051911786
3.690967741935484,0.0007549759780370624,0.0005457268561828672,0.006948599751141313
3.6929032258064516,0.002196293754289636,0.001016980588922117,0.01217287888007304
3.705483870967742,0.0019903912148249827,0.0014008025179447845,0.0066813919926476985
3.73258064516129,0.0008922443376801647,0.00044656191480080373,0.028745899585437662
3.709354838709677,0.004323953328757721,0.0017811124341479679,0.023750787269935486
3.6996774193548387,0.0019903912148249827,0.0006744178894067112,0.012987627186578931
3.696774193548387,0.0013726835964310226,0.000434080667147341,0.01009837151128938
3.7316129032258063,0.0015099519560741249,0.0007911972759455768,0.021982871016001066
3.6812903225806455,0.0018531228551818804,0.0012616166258487519,0.008436578600401376
3.689032258064516,0.0006863417982155113,0.0001772126902863151,0.013670722645430346
3.714193548387097,0.0006863417982155113,0.00035442538057263017,0.02800327021188476
3.69,0.0008922443376801647,0.00048043925875085786,0.013146892820848233
3.696774193548387,0.0017844886753603294,0.0013387086559897314,0.009349275320122225
3.7093548387096775,0.0011667810569663693,0.0006227708802935804,0.02899818789415367
3.7093548387096775,0.0004804392587508579,0.0001464910601105662,0.02527888154640651
3.6919354838709677,0.0006863417982155113,0.00027069685578126813,0.00856510841764631
3.733548387096774,0.001098146877144818,0.0004928084929887443,0.01868741723607775
3.685161290322581,0.001029512697323267,0.0005242022071557813,0.014193548387096749
3.695806451612903,0.002196293754289636,0.0011151734254819436,0.00972568608495572
3.6880645161290326,0.001098146877144818,0.0005336034678421688,0.010041537042757056
3.7393548387096773,0.0018531228551818806,0.0007928493914968408,0.027112130825097672
3.6919354838709677,0.0006177076183939602,0.00019003943863916893,0.012514299833077972
3.7122580645161287,0.0006177076183939602,0.0003462078689183609,0.01251014156752604
3.697741935483871,0.0006863417982155113,0.0002706968557812682,0.007133336899192245
3.696774193548387,0.002745367192862045,0.001555035046256365,0.009009187125012225
3.705483870967742,0.0006177076183939602,0.0002388539581082258,0.00939922728021513
3.7103225806451614,0.0004118050789293068,0.00018302447952413633,0.012593045997382634
3.6774193548387095,0.0008922443376801647,0.0003835061682507483,0.014498196809189843
3.689032258064516,0.0004118050789293068,0.00023331134813968357,0.022339728636362303
3.69,0.0012354152367879203,0.0006693543279948657,0.008293522665924175
3.712258064516129,0.0008236101578586136,0.0002668017339210844,0.01052226221309685
3.6745161290322583,0.000549073438572409,0.00022415829263630087,0.011271874328810385
3.7093548387096775,0.0008236101578586136,0.00040668928928463,0.024399126577226666
3.7016129032258065,0.0008236101578586136,0.0001994463026099599,0.009810907306932628
3.7006451612903226,0.0013040494166094716,0.0007267160912499927,0.009481895778515527
3.7093548387096775,0.0016472203157172271,0.0010494024196915776,0.0072203320276127084
3.6948387096774193,0.0019903912148249827,0.0009346464523365587,0.014120044276283428
3.704516129032258,0.00034317089910775565,0.00023443035383115073,0.0136707226454304
3.7074193548387098,0.0017844886753603294,0.0009930237663788929,0.012194231078345672
3.7529032258064516,0.0010981468771448179,0.0009499217337921158,0.029416808039168976
3.7180645161290324,0.005833905284831846,0.002230464185148726,0.028077490512243806
3.7025806451612904,0.0006177076183939602,0.00019003943863916893,0.012675408196379669
3.6919354838709677,0.00013726835964310226,0.00013726835964310226,0.011104460953586116
3.7287096774193547,0.004118050789293067,0.0028538029978517816,0.016260752465972368
3.6996774193548387,0.001098146877144818,0.0005983389078298796,0.012330009582978295
3.696774193548387,0.0013726835964310226,0.000856018619714926,0.0086557470096766
3.676451612903226,0.0,0.0,0.010838901688007394
3.7170967741935486,0.005353466026080988,0.002938383776344511,0.013945784723365977
3.689032258064516,0.001578586135895676,0.0015038735693932552,0.013594391939164877
3.7035483870967743,0.0037748798901853123,0.002384701686472365,0.013067502645502644
3.7074193548387098,0.0006863417982155112,0.0004798942338916272,0.010447828864968808
3.7006451612903226,0.0009608785175017158,0.0005336034678421688,0.00805806193341728
3.6929032258064516,0.0015099519560741249,0.0007073724472084331,0.016397761325340453
3.698709677419355,0.001578586135895676,0.0007795344331915269,0.012559949892859273
3.72,0.00034317089910775565,0.00021092529071820837,0.010422899626711914
3.7006451612903226,0.0033630748112560053,0.0026073963420338527,0.007523808896574568
3.695806451612903,0.0004804392587508579,0.00010484044143115624,0.009937368903709276
3.7016129032258065,0.00034317089910775565,0.00015347069166093272,0.012091396654187967
3.6783870967741934,0.001029512697323267,0.0003724278333584924,0.012447600891338562
3.689032258064516,0.001098146877144818,0.00039889260521991984,0.013822119539115225
3.698709677419355,0.0007549759780370624,0.00027926231104401055,0.021868969363455868
3.72,0.001098146877144818,0.00048207063614059655,0.018930839678866038
3.6938709677419355,0.0018531228551818806,0.0009654974992454446,0.00957472392235862
3.695806451612903,0.0017844886753603294,0.0014110403976306815,0.01317851497794547
3.712258064516129,0.0029512697323266987,0.0011667810569663693,0.030575472544703927
3.6793548387096777,0.002264927934111187,0.0012406997815562796,0.011790752827417482
3.690967741935484,0.001990391214824983,0.0016159426571869416,0.014584070394138478
3.721935483870968,0.004392587508579272,0.0032081534006786734,0.026569368105772928
3.695806451612903,0.004804392587508579,0.003029939717436431,0.011029239353083087
3.673548387096774,0.003980782429649965,0.0024272317016471915,0.009032258064516137
3.6793548387096777,0.0002745367192862045,0.0001517558815079112,0.010581431914101162
3.697741935483871,0.004598490048043926,0.0032322901654088516,0.009509292240634626
3.689032258064516,0.0004118050789293068,0.00018302447952413633,0.024516129032258093
3.6948387096774193,0.0025394646533973917,0.00238864914460522,0.013362783985295475
3.6948387096774193,0.0019217570350034316,0.0012522472828555484,0.0076063394339042426
3.6909677419354843,0.0004804392587508579,0.0002059025394646534,0.009481895778515551
3.680322580645161,0.0018531228551818804,0.0010079336889458103,0.012160049564497255
3.6735483870967744,0.002745367192862045,0.001585038487823269,0.010522262213096833
3.698709677419355,0.001029512697323267,0.0007324553005528309,0.005161290322580636
3.688064516129032,0.0030199039121482493,0.001602117721346291,0.009509292240634628
3.6996774193548387,0.005010295126973233,0.003516157605527389,0.007640464053114208
3.690967741935484,0.0019903912148249827,0.0009176925701272742,0.013393896446468864
3.721935483870968,0.0037062457103637612,0.003180297207687969,0.016077336508873698
3.6783870967741934,0.0024708304735758407,0.0010494024196915776,0.02117515281584041
3.688064516129032,0.004323953328757722,0.0019005320911407119,0.016476893921447952
3.704516129032258,0.0008922443376801647,0.0003696063697415582,0.011522949096446298
3.690967741935484,0.002127659574468085,0.0011951459974018737,0.00914673992177924
3.690967741935484,0.005078929306794784,0.0032502952432263634,0.011285713344861881
3.67741935483871,0.0030199039121482497,0.0012949871149013868,0.009459921482977527
3.7083870967741936,0.0019903912148249827,0.0007754953674984346,0.009437896024727624
3.726774193548387,0.00034317089910775565,0.00023443035383115073,0.025459359383710457
3.7025806451612904,0.00034317089910775565,0.00015347069166093272,0.019311780060768734
3.7170967741935486,0.001098146877144818,0.0005136111718289554,0.007558306137974136
3.689032258064516,0.001029512697323267,0.0005438052767789848,0.01077631812160647
3.706451612903226,0.0010295126973232668,0.00032756396850323384,0.013837168122275659
3.6948387096774193,0.0032944406314344542,0.0015271854741046565,0.012476825552137884
3.7258064516129035,0.0024708304735758407,0.00209481091599352,0.01886476324801735
3.713225806451613,0.0024708304735758407,0.0010740512097282546,0.009242934697996334
3.710322580645161,0.0014413177762525736,0.0005645830555595087,0.012510141567526048
3.7093548387096775,0.0035689773507206588,0.002083788155888483,0.00889878337040883
3.7103225806451614,0.001578586135895676,0.0009974939078742457,0.017914120486341716
3.698709677419355,0.0012354152367879203,0.0006535281105964631,0.009655890030384378
3.696774193548387,0.00034317089910775565,0.00021092529071820837,0.012241074813555016
3.698709677419355,0.0032944406314344542,0.0016008104035265065,0.008631669780812647
3.73258064516129,0.0011667810569663693,0.0005701183159175069,0.025969244596875794
3.688064516129032,0.002608098833218943,0.0017862476592032152,0.012613686965172368
3.7035483870967743,0.0019903912148249827,0.0011550588479857548,0.015806451612903227
3.698709677419355,0.0013726835964310224,0.0009264908136040532,0.013746629517846777
3.709354838709677,0.0018531228551818804,0.001265758516918147,0.00878106941213952
3.756774193548387,0.0009608785175017158,0.0007462597314253071,0.025758019067970553
3.7180645161290324,0.004461221688400824,0.002861587152056072,0.030934121534804754
3.6948387096774193,0.0017158544955387784,0.0007466103350300031,0.00826209579023596
3.690967741935484,0.0024021962937542897,0.0010037708061532969,0.008312321759177526
3.7393548387096773,0.0008236101578586136,0.00028574687707153505,0.026135005291005247
3.7112903225806453,0.001647220315717227,0.0009499217337921158,0.017624243070513235
3.704516129032258,0.004804392587508579,0.0020075416123065937,0.016624643518354975
3.69,0.0032944406314344542,0.0017387325554792952,0.010605988530821679
3.7016129032258065,0.0030199039121482497,0.00122006786785389,0.01683920404662989
3.7035483870967743,0.00487302676733013,0.003314477439595364,0.01282638409811036
3.73258064516129,0.00034317089910775565,0.00023443035383115073,0.023084246016535255
3.7035483870967743,0.0014413177762525736,0.00048477739877412693,0.016888567887365705
3.689032258064516,0.0023335621139327386,0.0015009123282412927,0.006255070783762988
3.724838709677419,0.000549073438572409,0.00022415829263630087,0.01083890168800739
3.704516129032258,0.0009608785175017158,0.00048207063614059655,0.010967741935483903
3.7016129032258065,0.001098146877144818,0.00057149375414307,0.007249098404594884
3.696774193548387,0.0011667810569663693,0.0006143089261998422,0.015537541391990033
3.705483870967742,0.0013040494166094716,0.0005917418053707418,0.011847979143359362
3.705483870967742,0.0008236101578586136,0.0003202928391672386,0.013870967741935511
3.6870967741935483,0.0035689773507206588,0.0022758783098505396,0.012409925201078266
3.6793548387096777,0.0025394646533973917,0.0013613887482783653,0.0126425277046874
3.695806451612903,0.0028826355525051472,0.002731605867142402,0.011400385191659548
3.6890322580645165,0.0013040494166094716,0.0008149857300643732,0.009655890030384346
3.695806451612903,0.0013040494166094716,0.000719477702746117,0.007694748672178446
3.7016129032258065,0.0020590253946465337,0.0009597884677832545,0.012262308263708525
3.7103225806451614,0.002264927934111187,0.0009654974992454446,0.012510141567526036
3.7093548387096775,0.002059025394646534,0.0014755905281717775,0.008167089613659462
3.7229032258064514,0.0071379547014413175,0.003974729605213269,0.011455019938428793
3.698709677419355,0.004186684969114619,0.002825139359511702,0.007468281872767885
3.688064516129032,0.0032944406314344542,0.001449826540174318,0.008090281421925442
3.697741935483871,0.0007549759780370624,0.00027926231104401055,0.02454370266016419
3.69,0.0032944406314344542,0.00158107092593649,0.01154550333430536
3.7199999999999998,0.0031571722717913518,0.00142946688188637,0.024105215086799192
3.696774193548387,0.0009608785175017158,0.0002745367192862045,0.00967741935483871
3.689032258064516,0.0019217570350034314,0.0009082330469585542,0.010872451320227555
3.697741935483871,0.004118050789293068,0.002180028231447558,0.0152297698504682
3.6919354838709677,0.004461221688400824,0.002378108028636552,0.009265423623448439
3.7035483870967743,0.0016472203157172271,0.00052370272899838,0.008038668254436825
3.7190322580645163,0.00034317089910775565,0.0001143902997025852,0.0173144992262189
3.6706451612903224,0.0006863417982155113,0.00039625962195581724,0.014429851126674246
3.7025806451612904,0.001990391214824983,0.0011088191092246747,0.017383475593945128
3.6764516129032256,0.00363761153054221,0.0031866271451927537,0.007419354838709651
3.658064516129032,0.004735758407687028,0.003097337845750639,0.012740914618149383
3.67258064516129,0.0028140013726835967,0.0016320573623437938,0.00981090730693258
3.6919354838709677,0.001098146877144818,0.0004928084929887443,0.014372044780609973
3.7083870967741936,0.002196293754289636,0.001205393719727247,0.02804040491883964
3.7093548387096775,0.0009608785175017158,0.00031033310378061164,0.02588898093836558
3.6870967741935483,0.002608098833218943,0.001935327017392505,0.012822327041517286
3.6783870967741934,0.0013726835964310228,0.0008120905673438045,0.028138574883281073
3.683225806451613,0.0006177076183939602,0.00019003943863916893,0.008679757449724967
3.6870967741935483,0.0028140013726835962,0.0013629257386050312,0.009349275320122245
3.6919354838709677,0.0008236101578586136,0.00024640424649437215,0.009038016597498049
3.6716129032258067,0.000549073438572409,0.00024640424649437215,0.012675408196379698
3.6648387096774195,0.0012354152367879203,0.0003514594256631712,0.004339878724862466
3.7006451612903226,0.0008922443376801647,0.00029029003753030245,0.020051961636025895
3.670645161290323,0.0030199039121482497,0.002084792633245393,0.009682794206324978
3.6841935483870967,0.0038435140700068637,0.0035445491479047016,0.008038668254436802
3.69,0.0,0.0,0.027563190100043822
3.664838709677419,0.004392587508579272,0.002817254500821257,0.012330009582978292
3.6774193548387095,0.001166781056966369,0.0009600610962414679,0.011719936854570937
3.673548387096774,0.0006863417982155113,0.00025061659002752966,0.011826001793434439
3.681290322580645,0.0071379547014413175,0.004268092012790301,0.010221277108228954
3.680322580645161,0.0008236101578586137,0.0008236101578586136,0.012907257434672607
3.6716129032258062,0.0016472203157172271,0.000881325110238308,0.006642342026443204
3.6638709677419357,0.005284831846259437,0.003258095995197837,0.009259806512520903
3.6648387096774195,0.0019217570350034316,0.0007710958383140112,0.007640464053114231
3.7093548387096775,0.0030885380919698007,0.0016943670978069568,0.03364904254976842
3.695806451612903,0.004049416609471517,0.0035227012365587557,0.014386518142566286
3.7141935483870965,0.0018531228551818804,0.0009096726310716559,0.025838689541291322
3.6764516129032256,0.0013040494166094714,0.0006005218370353092,0.015365813372663939
3.668709677419355,0.0002745367192862045,0.00018302447952413633,0.016222310917006665
3.6822580645161294,0.001098146877144818,0.0003267640552982315,0.012430870237417867
3.673548387096774,0.0024708304735758407,0.001307056221192926,0.012000693701766636
3.6735483870967744,0.004255319148936169,0.0019053454874085572,0.011285713344861878
3.673548387096774,0.0012354152367879203,0.0008729711291850337,0.015144122057168396
3.6861290322580644,0.0002745367192862045,0.0001517558815079112,0.008589372229480257
3.6687096774193546,0.002196293754289636,0.0013213936470550124,0.01064516129032259
3.6687096774193546,0.0008236101578586136,0.00040668928928463,0.009618097752177817
3.6929032258064516,0.00487302676733013,0.0019262456975329921,0.011099774538119547
3.670645161290323,0.000549073438572409,0.00026680173392108444,0.006774193548387121
3.689032258064516,0.0013726835964310226,0.0003393364670370928,0.012559949892859195
3.6996774193548387,0.0004804392587508579,0.0001464910601105662,0.010000000000000021
3.674516129032258,0.0020590253946465337,0.0013182210286788315,0.007363040135815047
3.6745161290322583,0.0012354152367879203,0.0003202928391672386,0.009465419839433088
3.6841935483870967,0.0004118050789293068,0.00023331134813968357,0.004573369960889623
3.695806451612903,0.0011667810569663693,0.00030779281736613385,0.0218523091025032
3.676451612903226,0.000549073438572409,0.000285746877071535,0.016413618365430437
3.6648387096774195,0.0013726835964310226,0.0007161965610843526,0.01450178502773485
3.690967741935484,0.0008236101578586136,0.00026680173392108444,0.010422899626711949
3.6870967741935483,0.004186684969114619,0.0025872445881909073,0.01040291322361102
3.6764516129032256,0.0004118050789293068,0.0001517558815079112,0.01733852212951831
3.6716129032258062,0.00020590253946465342,0.0002059025394646534,0.006483790723303774
3.67258064516129,0.0008236101578586136,0.00022415829263630087,0.009487381399905025
3.670645161290323,0.0018531228551818806,0.0010284953920379329,0.010205994851326715
3.6774193548387095,0.0006177076183939602,0.0002158311858168978,0.00877514226370031
3.682258064516129,0.0035689773507206588,0.0019025964663730763,0.006804846164428712
3.688064516129032,0.0004118050789293068,0.0002745367192862045,0.011216347516589505
3.6803225806451616,0.0009608785175017158,0.0005895263658991134,0.00816708961365953
3.682258064516129,0.0014413177762525738,0.0008708701125909073,0.00959643534235062
3.7016129032258065,0.0017158544955387784,0.001414929864659458,0.01865676611731778
3.689032258064516,0.00542210020590254,0.0023719374108044427,0.013897199502282603
3.674516129032258,0.00034317089910775565,0.00023443035383115073,0.0070747458707939945
3.697741935483871,0.0024021962937542892,0.0010694116579748562,0.006362284813972951
3.6783870967741934,0.003225806451612903,0.0017152443054428332,0.011123186870688173
3.695806451612903,0.002745367192862045,0.0016686874883377228,0.02441617996150485
3.6841935483870967,0.002196293754289636,0.0013604272475239996,0.010407913422517215
3.678387096774194,0.0036376115305422102,0.0017394849604456975,0.013644055472617145
3.698709677419355,0.0008236101578586136,0.0003362374389544513,0.01572394529929537
3.674516129032258,0.000549073438572409,0.000285746877071535,0.014501785027734809
3.6687096774193546,0.001029512697323267,0.00031117525757802435,0.008589372229480221
3.689032258064516,0.0004804392587508579,0.0002299216568547447,0.011702165901430335
3.6929032258064516,0.002196293754289636,0.0011922959707888706,0.01022127710822894
3.6648387096774195,0.0017844886753603294,0.0005528733000958394,0.017434282731447315
3.6870967741935483,0.003294440631434454,0.0016991484445323393,0.008160716542370001
3.6745161290322583,0.0010295126973232668,0.00032756396850323384,0.008898783370408845
3.669677419354839,0.001098146877144818,0.00031033310378061164,0.006888437581955712
3.7238709677419353,0.0002745367192862045,0.0001517558815079112,0.01511661227594835
3.676451612903226,0.0022649279341111876,0.001813149398405359,0.010144635608720247
3.6716129032258067,0.0006863417982155113,0.0005413937115625363,0.012087092900125973
3.727741935483871,0.0004118050789293068,0.0001517558815079112,0.02201125433449287
3.69,0.00363761153054221,0.002229994811367193,0.0070747458707939555
3.669677419354839,0.0007549759780370624,0.00027926231104401055,0.014120044276283387
3.688064516129032,0.005902539464653397,0.0033874983333570525,0.011759823311972983
3.6716129032258067,0.0018531228551818806,0.0011801620111213846,0.010718224339249191
3.6996774193548387,0.0004804392587508579,0.0002902900375303024,0.011363816099231315
3.681290322580645,0.001098146877144818,0.0005433238200429154,0.0061544464607544876
3.6919354838709677,0.0006177076183939602,0.00019003943863916893,0.015819612690631254
3.7016129032258065,0.0012354152367879203,0.0007977852104398397,0.025410265281687695
3.683225806451613,0.0007549759780370624,0.0002158311858168978,0.009591012095044179
3.673548387096774,0.0008236101578586136,0.0004885416724791264,0.00925980651252084
3.690967741935484,0.0024708304735758407,0.0015922866750222207,0.015483870967741953
3.681290322580645,0.0029512697323266987,0.001472216933717334,0.011737680902361481
3.682258064516129,0.0016472203157172271,0.001008712316863354,0.01444426656596008
3.6716129032258062,0.00034317089910775565,0.0001143902997025852,0.016836114000903075
3.7074193548387098,0.00034317089910775565,0.00015347069166093272,0.016093509268730835
3.6851612903225806,0.0018531228551818806,0.0006474935574506934,0.005549887269059721
3.6735483870967744,0.0019903912148249827,0.001094566343070756,0.014222843667773303
3.6764516129032256,0.0017158544955387781,0.0010345842191347527,0.0065237898116633835
3.668709677419355,0.0004118050789293068,0.00023331134813968357,0.013257240379377148
3.6764516129032256,0.0017158544955387784,0.0016410124768180552,0.02112595397423603
3.690967741935484,0.0007549759780370624,0.0002158311858168978,0.01848586939599275
3.714193548387097,0.0007549759780370624,0.00031452132429346877,0.022199549076239028
3.6783870967741934,0.0038435140700068633,0.002976258863957797,0.009832097196211734
3.6948387096774193,0.001990391214824983,0.00118193469257282,0.01934408303298704
3.6774193548387095,0.0010295126973232668,0.0005038370063039404,0.008892934678767872
3.683225806451613,0.0015099519560741249,0.0004552676445237336,0.028496855258526133
3.6948387096774193,0.0006863417982155113,0.00040925517776248726,0.0254327785089381
3.670645161290323,0.001578586135895676,0.0009922328273713767,0.013689738821885759
3.683225806451613,0.0007549759780370623,0.00047385758813104495,0.010221277108228887
3.683225806451613,0.0019217570350034316,0.0008729711291850337,0.01128571334486189
3.713225806451613,0.0032258064516129032,0.0017091304228432633,0.02507221619590071
3.6745161290322583,0.0008236101578586135,0.00046662269627936704,0.014429851126674267
3.7006451612903226,0.0007549759780370624,0.00027926231104401055,0.005624385733600866
3.7083870967741936,0.004461221688400824,0.0034091380053590057,0.018006820305745616
3.689032258064516,0.0024021962937542892,0.0015355592948569966,0.012308892921508954
3.6996774193548387,0.006932052161976664,0.004142698044989636,0.027183042397138316
3.688064516129032,0.0010295126973232668,0.0004370847214491603,0.01034775156925511
3.6929032258064516,0.0025394646533973917,0.0021681111440308635,0.006154446460754497
3.7335483870967745,0.0034317089910775563,0.001757297128315856,0.03143465216794797
3.6812903225806455,0.000549073438572409,0.000285746877071535,0.012087092900125919
3.69,0.0012354152367879203,0.0005394566974400181,0.02379455949149679
3.681290322580645,0.0010295126973232668,0.00047164328821981926,0.014512544360260667
3.695806451612903,0.0009608785175017158,0.0007103259984561895,0.01792863642785834
3.698709677419355,0.0011667810569663693,0.00074520693090379,0.028409082395230958
3.6938709677419355,0.0013040494166094716,0.0008020383501696685,0.01181279575716165
3.6764516129032256,0.0015099519560741249,0.0005394566974400181,0.009832097196211718
3.670645161290323,0.0006177076183939602,0.0002158311858168978,0.013459771641951638
3.665806451612903,0.0009608785175017159,0.0006155856347322677,0.007184212081070993
3.69,0.004049416609471517,0.0020728330345455423,0.011987680113588427
3.6754838709677418,0.0038435140700068633,0.003317239800575037,0.010679319585320576
3.6590322580645163,0.0034317089910775567,0.001611239246090964,0.01349066042988803
3.680322580645161,0.004941660947151681,0.0029383837763445105,0.006618801460865538
3.681290322580645,0.002676733013040494,0.001788151272447415,0.012426684054360147
3.7035483870967743,0.0006863417982155113,0.00028938711143156065,0.01842102133583126
3.6754838709677418,0.008853809196980096,0.004093127252258385,0.008006241061929575
3.676451612903226,0.0002059025394646534,0.0001464910601105662,0.01074246826151402
3.7025806451612904,0.0037748798901853123,0.003276039128931761,0.008058061933417283
3.713225806451613,0.0002059025394646534,0.0001464910601105662,0.015064896037207287
3.685161290322581,0.00013726835964310226,9.151223976206816e-05,0.008387096774193595
3.712258064516129,0.0008236101578586136,0.00024640424649437215,0.021887994133790178
3.6716129032258062,0.0026767330130404937,0.001857072877930055,0.014866733705552112
3.6948387096774193,0.001098146877144818,0.0005336034678421688,0.011432287191399567
3.6890322580645165,0.0002059025394646534,0.00010484044143115624,0.008135174330915177
3.6706451612903224,0.0011667810569663693,0.00074520693090379,0.009999999999999988
3.6812903225806455,0.0004118050789293068,0.0001517558815079112,0.005038870758649449
3.6803225806451616,0.0013726835964310226,0.0008860634514315756,0.019782900782531535
3.6996774193548387,0.003912148249828415,0.00210689418802888,0.01935752669506773
3.7016129032258065,0.0014413177762525736,0.0009346464523365587,0.01738646835898308
3.713225806451613,0.0035689773507206588,0.003199331248028065,0.01802126157866245
3.6764516129032256,0.0017158544955387781,0.0011312500860284707,0.008467357902197867
3.6870967741935483,0.0018531228551818804,0.0013381220604795018,0.008032193289025031
3.6754838709677418,0.0006177076183939602,0.00027926231104401055,0.007875197171441107
3.689032258064516,0.0012354152367879201,0.0009477151762620899,0.012138637240146305
3.663870967741935,0.0002059025394646534,0.0001464910601105662,0.013079441892073107
3.6745161290322583,0.0024708304735758407,0.001202785580242042,0.006774193548387167
3.6658064516129034,0.004118050789293068,0.0016465846914158388,0.011248771467201725
3.682258064516129,0.0004804392587508579,0.0002059025394646534,0.016464258264741762
3.6667741935483873,0.0032258064516129032,0.0019169848472673733,0.00983209719621174
3.6938709677419355,0.00542210020590254,0.0022979641788309136,0.016514742885380927
3.680322580645161,0.0007549759780370624,0.00031452132429346877,0.010507417725743448
3.7190322580645163,0.0023335621139327386,0.001819345262143312,0.020607324198302503
3.69,0.0008922443376801647,0.0002059025394646534,0.008781069412139533
3.6754838709677418,0.0002745367192862045,0.00011207914631815044,0.015321731725210185
3.690967741935484,0.002196293754289636,0.001243859731783865,0.006948599751141251
3.6716129032258067,0.002333562113932738,0.0010885726152706765,0.00724191752278832
3.697741935483871,0.004392587508579272,0.001955237759709128,0.027464857879010696
3.6783870967741934,0.0012354152367879203,0.0004885416724791265,0.016158038434023463
3.6861290322580644,0.0013726835964310226,0.0010024663601101186,0.010246696886624908
3.682258064516129,0.001578586135895676,0.0010830290897775909,0.02010637682870634
3.682258064516129,0.0025394646533973917,0.002018073135666929,0.010625592962581061
3.689032258064516,0.0006177076183939602,0.0002158311858168978,0.011432287191399592
3.7035483870967743,0.004118050789293068,0.001962718882592287,0.008540775674112058
3.668709677419355,0.000549073438572409,0.00022415829263630087,0.010742468261514048
3.7006451612903226,0.0023335621139327386,0.001202785580242042,0.01291934477064568
3.7151612903225804,0.0019217570350034314,0.0009961812426024818,0.02738897748016433
3.681290322580645,0.0026080988332189427,0.0013642691847060692,0.015212678867808508
3.6996774193548387,0.001029512697323267,0.0008137002628130286,0.009789671551931332
3.7199999999999998,0.005078929306794783,0.0022744980135688065,0.015947363992655828
3.662903225806452,0.002264927934111187,0.001461512354489539,0.012262308263708575
3.670645161290323,0.0002059025394646534,0.00010484044143115624,0.007775465027867118
3.6629032258064513,0.0009608785175017158,0.00025475929365499986,0.010625592962581074
3.676451612903226,0.0004804392587508579,0.00025165865934568746,0.009061014132379487
3.6880645161290326,0.001098146877144818,0.0006802136237619998,0.01563434944006795
3.6570967741935485,0.002059025394646534,0.001391618057720938,0.010144635608720247
3.6861290322580644,0.0002745367192862045,0.0001517558815079112,0.02677419354838706
3.689032258064516,0.00034317089910775565,0.0001143902997025852,0.006735681618651976
3.681290322580645,0.001029512697323267,0.0004124400909933641,0.011193130047030632
3.685161290322581,0.0016472203157172271,0.0010241605712925826,0.008631669780812685
3.667741935483871,0.004392587508579272,0.0032791531214219015,0.014922623878993986
3.6764516129032256,0.002127659574468085,0.0009676635086962524,0.009287858096056709
3.6870967741935483,0.0013040494166094716,0.0010048131437198694,0.022809896167308035
3.6716129032258067,0.0017158544955387784,0.0014905894421653556,0.011737680902361488
3.7083870967741936,0.0006177076183939602,0.00019003943863916893,0.02476948880058383
3.6870967741935488,0.0019903912148249827,0.0008149857300643732,0.006610935978038418
3.6754838709677418,0.000549073438572409,0.00028574687707153505,0.01038288834802004
3.683225806451613,0.0028140013726835962,0.0019180766798190965,0.017202956936739844
3.6919354838709677,0.001098146877144818,0.0008197882803554756,0.02649288676055121
3.6919354838709677,0.001166781056966369,0.00045813279328530733,0.01129032258064515
3.7170967741935486,0.0006863417982155113,0.00028938711143156065,0.020828320590139244
3.673548387096774,0.004804392587508579,0.002175221107115939,0.010620695247196318
3.6658064516129034,0.0006863417982155112,0.0004688607076623014,0.013362783985295446
3.6929032258064516,0.005765271105010295,0.002187697659644369,0.012593045997382663
3.6658064516129034,0.0013040494166094716,0.00101000869616308,0.01662464351835499
3.69,0.001098146877144818,0.0005336034678421688,0.014138456129555537
3.704516129032258,0.0019903912148249827,0.0012381660148922267,0.012642527704687372
3.7035483870967743,0.0006177076183939602,0.00027926231104401055,0.01567423304936306
3.6793548387096773,0.002745367192862045,0.001361196502461086,0.01067931958532057
3.706451612903226,0.0032944406314344542,0.0019834103684917173,0.030500507493091113
3.6890322580645165,0.0031571722717913518,0.0026328661415357213,0.00875139352661325
3.6774193548387095,0.001029512697323267,0.0003862261042355097,0.010891576139441379
3.682258064516129,0.0007549759780370624,0.0003889270189887897,0.008442743437614456
3.689032258064516,0.0012354152367879203,0.0011611601501212096,0.02084579925342383
3.7016129032258065,0.004118050789293068,0.0013221856121528152,0.02577619193673935
3.698709677419355,0.0019903912148249827,0.0011640864088957722,0.01681137318812306
3.7103225806451614,0.004323953328757721,0.0024641486713817763,0.02637281733673512
3.6716129032258062,0.0024708304735758407,0.0011263814802188214,0.008916306426506626
3.675483870967742,0.0035689773507206588,0.0016586199002875184,0.010872451320227584
3.67741935483871,0.001098146877144818,0.0003267640552982315,0.009123958466923165
3.715161290322581,0.0004118050789293068,0.0002096808828623125,0.017096774193548315
3.6783870967741934,0.0017158544955387781,0.0009279020723254744,0.011216347516589476
3.6851612903225806,0.000549073438572409,0.00017120372394298518,0.012308892921509006
3.693870967741936,0.0004118050789293068,0.0001517558815079112,0.012245324449098267
3.680322580645161,0.0031571722717913518,0.0016118888084016047,0.010896352099390043
3.6861290322580644,0.0030885380919698007,0.0022746130702506503,0.009509292240634603
3.6861290322580644,0.0030885380919698007,0.002082406208386842,0.007828813612588132
3.726774193548387,0.0008236101578586136,0.0005394566974400181,0.01953944222052619
3.7267741935483873,0.007343857240905971,0.002922756102110181,0.025743875745456436
3.6803225806451616,0.0014413177762525738,0.0007338830900180938,0.017493866919943583
3.670645161290323,0.0006863417982155114,0.0006138827666437309,0.005596565023515285
3.668709677419355,0.002676733013040494,0.0019532290220536713,0.012279268587531807
3.698709677419355,0.00425531914893617,0.003020943644977179,0.014697788064380051
3.6851612903225806,0.0006863417982155113,0.0002706968557812682,0.008510261908563202
3.6725806451612906,0.0007549759780370624,0.0002158311858168978,0.006956083436402557
3.698709677419355,0.0007549759780370623,0.00046268012848676917,0.009326988577290963
3.7035483870967743,0.000549073438572409,0.0003035117630158224,0.027144734821176072
3.6774193548387095,0.000549073438572409,0.00024640424649437215,0.011719936854570963
3.673548387096774,0.0013726835964310226,0.0005012331800550593,0.012919344770645613
3.6870967741935483,0.0024021962937542892,0.0015218639551189737,0.010891576139441396
3.6725806451612906,0.004118050789293067,0.001894877990468877,0.009916403967057662
3.6783870967741934,0.00034317089910775565,0.00015347069166093272,0.01004153704275703
3.6764516129032256,0.00048043925875085796,0.00027166191002145774,0.009175137195695434
3.676451612903226,0.0008922443376801647,0.0002059025394646534,0.012022351711989848
3.6861290322580644,0.0006863417982155113,0.0002046275888812436,0.019379017155968525
3.6803225806451616,0.0009608785175017158,0.0006724748779089026,0.009129659160054792
3.6851612903225806,0.0006863417982155113,0.0003688976320429444,0.007184212081070965
3.6861290322580644,0.003088538091969801,0.002861587152056072,0.017458140809980368
3.666774193548387,0.0008236101578586136,0.000393609026174451,0.010347751569255126
3.6745161290322583,0.0007549759780370624,0.00040215959348540256,0.009574723922358645
3.715161290322581,0.0004118050789293068,0.0001517558815079112,0.025005722550043265
3.685161290322581,0.0035003431708991077,0.0018372378414929173,0.008986056953022027
3.6725806451612906,0.0002745367192862045,0.0001517558815079112,0.012346876909035274
